_id,name,imgurl,sale_price
ObjectId(5ffc0d5e56cc7d4168c34648),【2021新品】李宁岚男子回弹减震跑鞋,display_606983_1.jpg,399.2
ObjectId(5ffc0d5e56cc7d4168c34649),【2021新品】光速男子减震跑鞋,display_613472_1.jpg,351.2
ObjectId(5ffc0d5e56cc7d4168c3464a),【2021新品】男子一体织减震跑鞋,display_608736_1.jpg,207.2
ObjectId(5ffc0d5e56cc7d4168c3464b),【2021新品】男子减震跑鞋,display_605963_1.jpg,191.2
ObjectId(5ffc0d5e56cc7d4168c3464c),【2021新品】eazGO舒适系列男子减震回弹舒适跑鞋,display_608129_1.jpg,207.2
ObjectId(5ffc0d5e56cc7d4168c3464d),【2021新品】中国李宁游侠CRC男子减震跑鞋,display_615560_1.jpg,959.2
ObjectId(5ffc0d5e56cc7d4168c3464e),【2021新品】绝影Essential男子弹速跑鞋,display_602868_1.jpg,719.2
ObjectId(5ffc0d5e56cc7d4168c3464f),【2021新品】男子减震跑鞋,display_608610_1.jpg,239.2
ObjectId(5ffc0d5e56cc7d4168c34650),【2021新品】SOFT BUBBLE男子减震跑鞋,display_617102_1.jpg,319.2
ObjectId(5ffc0d5e56cc7d4168c34651),【2021新品】中国李宁烈骏ACE 1.5男子减震跑鞋,display_616778_1.jpg,1039.2
ObjectId(5ffc0d5e56cc7d4168c34652),【华晨宇心选】男子减震野外跑鞋,display_515843_1.jpg,239.2
ObjectId(5ffc0d5e56cc7d4168c34653),李宁云六代Element男子一体织透气减震跑鞋,display_525333_1.jpg,223.2
ObjectId(5ffc0d5e56cc7d4168c34654),【华晨宇心选】李宁X敦煌博物馆·拓逍遥行男子野外跑鞋,display_523088_1.jpg,447.2
ObjectId(5ffc0d5e56cc7d4168c34655),男子潮流跑鞋,display_556734_1.jpg,207.2
ObjectId(5ffc0d5e56cc7d4168c34656),赤霄男子一体织透气减震跑鞋,display_450214_1.jpg,191.2
ObjectId(5ffc0d5e56cc7d4168c34657),男子减震潮流跑鞋,display_516041_1.jpg,207.2
ObjectId(5ffc0d5e56cc7d4168c34658),男子减震跑鞋,display_543135_1.jpg,191.2
ObjectId(5ffc0d5e56cc7d4168c34659),男子支撑潮流跑鞋,display_516059_1.jpg,207.2
ObjectId(5ffc0d5e56cc7d4168c3465a),eazGO舒适系列男子减震回弹舒适跑鞋,display_579055_1.jpg,159.2
ObjectId(5ffc0d5e56cc7d4168c3465b),【华晨宇心选】锋刃一体织男子减震跑鞋,display_539433_1.jpg,207.2
ObjectId(5ffc0d5e56cc7d4168c3465c),【华晨宇心选】eazGo舒适系列男子轻质跑鞋,display_539307_1.jpg,191.2
ObjectId(5ffc0d5e56cc7d4168c3465d),云雀男子减震跑鞋,display_573795_1.jpg,191.2
ObjectId(5ffc0d5e56cc7d4168c3465e),男子减震跑鞋,display_587617_1.jpg,191.2
ObjectId(5ffc0d5e56cc7d4168c3465f),V8男子轻质减震跑鞋,display_601739_1.jpg,351.2
ObjectId(5ffc0d5e56cc7d4168c34660),【2020新品】男子减震跑鞋,display_592161_1.jpg,175.2
